{"cameraMode":{"drawMode":0,"name":"Shaded","section":"Shading Mode"},"sceneLighting":true,"audioPlay":false,"sceneViewState":{"showFog":true,"showMaterialUpdate":true,"showSkybox":true,"showFlares":true,"showImageEffects":true,"showParticleSystems":true},"in2DMode":false,"pivot":{"x":-4.562780380249023,"y":-51.43268966674805,"z":-66.86798858642578},"rotation":{"x":-0.011196385137736798,"y":0.917426347732544,"z":-0.39690548181533816,"w":-0.02587944082915783},"size":93.96036529541016,"orthographic":false}