{"cameraMode":{"drawMode":0,"name":"Shaded","section":"Shading Mode"},"sceneLighting":true,"audioPlay":false,"sceneViewState":{"showFog":true,"showMaterialUpdate":false,"showSkybox":true,"showFlares":true,"showImageEffects":true,"showParticleSystems":true},"in2DMode":false,"pivot":{"x":1.233731746673584,"y":1.7987923622131348,"z":4.920616149902344},"rotation":{"x":-0.18702605366706849,"y":0.3796040713787079,"z":-0.07865489274263382,"w":-0.9026323556900024},"size":5.563438892364502,"orthographic":false}