{"cameraMode":{"drawMode":0,"name":"Shaded","section":"Shading Mode"},"sceneLighting":true,"audioPlay":false,"sceneViewState":{"showFog":true,"showMaterialUpdate":false,"showSkybox":true,"showFlares":true,"showImageEffects":true,"showParticleSystems":true},"in2DMode":false,"pivot":{"x":-17.064002990722658,"y":3.182117462158203,"z":-11.200660705566407},"rotation":{"x":0.2369430959224701,"y":0.46120384335517886,"z":-0.1292884349822998,"w":0.8452429175376892},"size":15.188519477844239,"orthographic":false}